




lead analyst bi & analytics description at lowe's




































skip navigation



locations
recruiting events
sign in / register





menu

menu
career home
about us
opportunities
why lowe's?
students & grads
military






search jobs
locations
recruiting events

sign in








search jobs


keyword



state
select
alabama
alaska
arizona
arkansas
california
colorado
connecticut
delaware
district of columbia
florida
georgia
hawaii
idaho
illinois
indiana
iowa
kansas
kentucky
louisiana
maine
maryland
massachusetts
michigan
minnesota
mississippi
missouri
montana
nebraska
nevada
new hampshire
new jersey
new mexico
new york
north carolina
north dakota
ohio
oklahoma
oregon
pennsylvania
rhode island
south carolina
south dakota
tennessee
texas
utah
vermont
virginia
washington
west virginia
wisconsin
wyoming



city
select
abbeville
abilene
abingdon
abingdon
abington
adairsville
adrian
aiken
akron
alabaster
alachua
albany
albany
albany
albemarle
albuquerque
alcoa
alexandria
alexandria
aliso viejo
allen
allen
allen park
alliance
alpharetta
altamonte springs
altoona
altoona
amarillo
americus
ames
amherst
amherst
amsterdam
anaheim
anchorage
anderson
ann arbor
anniston
antioch
apex
apopka
appleton
aransas pass
arden
ardmore
arlington
arlington
arlington heights
arnold
arvada
asheboro
asheville
ashtabula
athens
athens
athens
atlanta
auburn
auburn
auburn
auburndale
augusta
augusta
aurora
austin
avon
avon
avondale
bakersfield
ballwin
baltimore
bangor
banner elk
bardstown
bartlett
bartonsville
bartow
bastrop
batesville
baton rouge
battle creek
bay shore
bayonne
baytown
bear
beaufort
beaumont
beckley
bedford
bedford
bedford
bee cave
belle vernon
bellefontaine
belleville
bellingham
belmont
bend
benton harbor
bessemer
bethel park
bethlehem
billings
binghamton
birmingham
bismarck
blaine
bloomfield
bloomfield hills
bloomington
bloomington
bloomsburg
bluefield
bluffton
bluffton
blytheville
boca raton
boiling springs
bolingbrook
bonney lake
bossier city
bowie
bowling green
bozeman
bradenton
bradley
brandon
bremerton
brenham
brevard
brewer
brick township
bridgeton
brighton
bristol
brockport
brockton
brookhaven
brooklyn
brooklyn
brooksville
brownsburg
brownsville
brunswick
brunswick
bryan
bryant
buckeye
buckhannon
buford
bullhead city
burbank
burleson
burlington
burlington
butler
butler
california
camden
camden
camillus
campbellsville
canandaigua
canton
canton
cape carteret
cape coral
cape girardeau
carbondale
carefree
carlisle
carlsbad
carmel
carnegie
carol stream
carrollton
carson city
cartersville
cary
casa grande
castle rock
catskill
cedar rapids
centerville
central
chambersburg
chamblee
champaign
chandler
chantilly
chapel hill
charleston
charlotte
charlottesville
charter township of clinton
chesapeake
chester
chesterfield
chesterfield
chesterfield
cheyenne
chicago
chico
chillicothe
chino hills
christiansburg
chula vista
cicero
cincinnati
citrus heights
city of saint peters
claremore
clarksville
clarksville
clearwater
cleburne
clermont
cleveland
clinton
clinton
clinton
clover
clovis
clovis
coeur d'alene
colonie
colorado springs
columbia
columbia
columbia
columbus
columbus
columbus
commack
commerce township
concord
concord
concord
conway
conway
conway
conyers
cookeville
coon rapids
coral springs
coralville
corbin
cordova
corinth
cornelia
corpus christi
cortland
cotati
covina
covington
cranberry township
cranston
cromwell
cross lanes
crowley
cullman
cumming
cypress
dallas
dalton
danvers
danville
danville
daphne
davenport
davie
dayton
decatur
decatur
dedham
defiance
defuniak springs
dekalb
deland
delavan
delran township
deltona
denton
denver
deptford township
derby
derby
destin
d'iberville
dickson
dickson city
dothan
douglas
douglasville
downingtown
dublin
dublin
dubois
dubuque
durant
durham
dyersburg
eagle pass
easley
east brunswick
east ellijay
east patchogue
east peoria
east point
easton
easton
eatontown
edinburg
edmond
edwardsville
egg harbor township
el centro
el paso
elizabeth city
elizabethton
elizabethtown
elk grove
elkhart
elkin
elkridge
elmira
elverson
elyria
epping
erie
erwin
escondido
española
essex junction
estero
eugene
euless
evans
evansville
everett
fairbanks
fairborn
fairfax
fairfield
fairview heights
fargo
farmingdale
farmington
farmville
fayetteville
fayetteville
fayetteville
federal way
fenton
fern park
fernandina beach
fernley
festus
findlay
flanders
flemington
flint
florence
florence
florence
florissant
flower mound
flowood
foley
folsom
fontana
forest city
forsyth
fort collins
fort gratiot township
fort mill
fort myers
fort oglethorpe
fort payne
fort smith
fort walton beach
fort wayne
fort worth
fountain
framingham
frankfort
franklin
franklin
franklin
franklin
franklin
franklin
frederick
fredericksburg
fremont
fremont
fresno
frisco
front royal
fultondale
gadsden
gaffney
gainesville
gainesville
gainesville
gaithersburg
galax
galesburg
gallatin
garden city
garland
garner
garysburg
gastonia
gautier
geneva
georgetown
gibsonia
gilbert
gilford
gilroy
glasgow
glen burnie
glen carbon
glenmont
glenville
glenwood springs
gloucester
goldsboro
gonzales
goodyear
goose creek
gordonsville
goshen
granbury
grand forks
grand junction
grand rapids
grandville
granite city
greeley
greenland
greensboro
greensburg
greenville
greenville
greenville
greenville
greenwood
greenwood village
greer
griffin
gulf breeze
gulfport
gun barrel city
guntersville
gurnee
hackettstown
hadley
hagerstown
haines city
halfmoon
hamburg
hamilton
hamilton
hammond
hampstead
hampton
hanford
hannibal
harlingen
harper woods
harrisburg
harrisonburg
hartselle
hartsville
harvey
hatfield
hattiesburg
havertown
hawthorne
hazard
heath
helena
henderson
henderson
henderson
hendersonville
hendersonville
henrico
herkimer
hermitage
hermitage
hialeah
hibbing
hickory
hicksville
high point
highland
highland
highland heights
hilliard
hillsboro
hillsboro
hillsborough
hinesville
hobbs
holland
homewood
honolulu
hoover
hope mills
hopkinsville
hornell
hot springs
houma
houston
howell
howell
huber heights
hudson
hudson
humble
huntersville
huntington beach
huntsville
hurst
hutchinson
indian harbour beach
indian trail
indiana
indianapolis
inverness
irvine
irving
issaquah
ithaca
jackson
jackson
jackson
jacksonville
jacksonville
janesville
jasper
jefferson
jefferson city
jensen beach
jersey city
johnson city
jonesboro
jonesborough
kahului
kailua-kona
kalamazoo
kalispell
kannapolis
kansas city
kansas city
kathleen
katy
keizer
keller
kennesaw
kennewick
kenosha
kent
kent
kentwood
kernersville
kerrville
kill devil hills
killeen
kimball
kingsland
kingsport
kingston
kingston
kingsville
kingwood
kinston
kirkland
kirkwood
kissimmee
knightdale
knoxville
kyle
la habra
la plata
la quinta
la vale
lacey
lady lake
lafayette
lafayette
lafollette
lake charles
lake city
lake elsinore
lake havasu city
lake in the hills
lake jackson
lake park
lake saint louis
lake wales
lakeland
lakewood
lakewood
lancaster
lancaster
lancaster
lancaster
langhorne
lansdale
lansing
laredo
largo
las vegas
latham
latrobe
laurel
laurinburg
lawnside
lawrenceburg
lawton
layton
league city
leander
lebanon
lebanon
lebanon
leeds
lee's summit
leesburg
leesburg
leesville
lehi
lehighton
lenoir
leominster
lewes
lewisburg
lewistown
lewisville
lexington
lexington
lexington
lexington
lilburn
lima
lincoln
lincoln
lincolnton
lincolnwood
lindale
lisbon
little elm
little rock
littleton
littleton
live oak
livermore
liverpool
livingston
lodi
logan
loganville
london
long beach
longmont
longview
longview
lorain
los angeles
los lunas
louisville
louisville
loveland
lowell
lubbock
ludington
lufkin
lumberton
lutz
lynchburg
lynnwood
macedon
machesney park
macon
madison
madison
madison
madison heights
madison heights
madisonville
manahawkin
manassas
manchester
manitowoc
mankato
mansfield
mansfield
maple grove
maple shade
maplewood
marble falls
marianna
marietta
marietta
marion
marion
marion
marquette
marrero
marshall
martinsburg
marysville
mason
massillon
matamoras
matthews
mayodan
maysville
mcalester
mcallen
mccandless township
mccomb
mcdonough
mckinney
mcminnville
mcminnville
mebane
mechanicsburg
mechanicsville
medford
medford
memphis
menifee
mentor
meridian
meridian
merrillville
mesa
mesquite
metairie
miami
michigan city
middleburg
middletown
middletown
middletown
midland
midland
midwest city
milan
milford
milford
milford
mill creek
mill hall
milledgeville
millington
millsboro
millville
milwaukie
minersville
mira loma
mishawaka
missoula
missouri city
mobile
mocksville
moline
monaca
monett
monroe
monroe
monroe
monroe
monroeville
montgomery
montoursville
moore
mooresville
mooresville
morganton
morgantown
morganville
moses lake
moultrie
mount airy
mount juliet
mount pleasant
mount pocono
mount sterling
mount vernon
mount vernon
mt. dora
mt. pleasant
mt. vernon
munhall
murfreesboro
murphy
murphy
murray
murray
muscle shoals
muskegon
mustang
myrtle beach
nacogdoches
nampa
nanuet
naperville
naples
nashua
nashville
neosho
new albany
new bern
new braunfels
new carrollton
new castle
new castle
new hartford
new haven
new hudson
new iberia
new lenox
new orleans
new port richey
new york
newark
newberry
newburgh
newnan
newport
newport news
newton
nicholasville
noblesville
norcross
norfolk
norman
north attleboro
north augusta
north bergen
north canton
north charleston
north dartmouth
north east
north las vegas
north little rock
north myrtle beach
north port
north providence
north smithfield
north vernon
north windham
northbrook
northfield
northglenn
northport
northridge
norwalk
norwalk
oak park heights
oakland
oakland park
oaks
ocala
oceanside
odessa
o'fallon township
ogden
ogdensburg
oklahoma city
olathe
olive branch
olympia
omaha
oneida
oneonta
ontario
opelika
opelousas
orange
orange city
orange park
orangeburg
orangeburg
orchard park
orem
orland park
orlando
ormond beach
osage beach
oshkosh
oswego
oviedo
owasso
owatonna
owens cross roads
owensboro
oxford
oxnard
ozark
pace
paducah
paintsville
palm bay
palm desert
palm springs
palmdale
palmyra
panama city
panama city beach
paramus
parker
parkersburg
parkville
pasadena
pasco
paso robles
paterson
pearland
pembroke
pembroke pines
pensacola
peoria
peoria
perris
perrysburg
petal
pharr
philadelphia
phillipsburg
phoenix
pico rivera
pine bluff
pinellas park
pineville
piscataway
pittsboro
pittsburgh
pittston
plainfield
plainville
plainville
plano
plant city
plattsburgh
plover
plymouth
plymouth
plymouth meeting
pocatello
pompano beach
ponca city
pooler
port arthur
port charlotte
port orange
port orchard
port saint lucie
portage
portage
portland
portland
portsmouth
potsdam
pottstown
pottsville
poughkeepsie
poway
prattville
prescott
prince george
princeton
princeton
prosper
pueblo
puyallup
quakertown
queensbury
quincy
quincy
radford
raleigh
rancho cordova
rancho cucamonga
rancho santa margarita
rapid city
raymore
raynham
reading
redding
redlands
redmond
reidsville
reno
renton
republic
reynoldsburg
richardson
richmond
richmond
richmond
ridgeland
rincon
rio grande
riverdale
riverhead
riverside
riverton
riverview
roanoke
roanoke rapids
rochester
rochester
rochester
rochester hills
rock hill
rockford
rockingham
rockledge
rockwall
rocky mount
rocky river
roeland park
rogers
rome
rome
roseburg
rosedale
rosenberg
roseville
round rock
roxboro
royal palm beach
ruckersville
saginaw
saint charles
saint george
saint paul
saint petersburg
salem
salem
salem
salina
salinas
salisbury
salt lake city
san angelo
san antonio
san bruno
san clemente
san diego
san dimas
san francisco
san jose
san marcos
sandusky
sandy
sandy springs
sanford
santa clarita
santa fe
santa maria
santee
sarasota
saratoga springs
saugus
savannah
savannah
sayre
scarborough
schenectady
schertz
scottsdale
seabrook
searcy
seattle
sebring
sedalia
seekonk
selinsgrove
seneca
severn
sevierville
sewell
shakopee
shallotte
shawnee
shawnee
shelby
shelbyville
shelbyville
shepherdsville
sherman
shippensburg
show low
shreveport
sicklerville
sidney
sierra vista
sikeston
siloam springs
silverthorne
simi valley
simpsonville
sinking spring
sioux city
sioux falls
slidell
smithfield
smyrna
snellville
somerset
somerset
sonora
south bend
south burlington
south charleston
south lebanon
south point
south san francisco
south sanford
southfield
southington
southlake
southwest ranches
sparks
spartanburg
spokane
spring
spring hill
spring hill
springdale
springfield
springfield
springfield
springfield
springfield
springville
st. augustine
st. charles
st. joseph
starkville
state college
staten island
statesboro
statesville
staunton
sterling
sterling heights
stockbridge
stockton
stony brook
stow
streetsboro
stuart
suffolk
sugar land
sullivan
sulphur
sulphur springs
summerville
sumter
sunnyvale
sunrise
surprise
suwanee
sylva
syracuse
tacoma
tahlequah
tallahassee
tampa
tappahannock
tarboro
tarentum
tarpon springs
temecula
tempe
temple
terre haute
texarkana
texas city
the woodlands
thibodaux
thomasville
tiffin
tifton
tigard
tilton
timonium
titusville
toledo
tomball
toms river
topeka
torrance
torrington
traverse city
trevose
trotwood
troutman
troy
troy
tucson
tukwila
tulare
tullahoma
tulsa
tupelo
turlock
turnersville
tuscaloosa
tustin
twin falls
union
union city
union city
uniontown
upper marlboro
utica
vacaville
valdosta
vallejo
venice
ventura
vernon hills
vero beach
vestal
victoria
victorville
vidalia
vienna
vincennes
virginia beach
visalia
vista
voorhees township
waco
wadsworth
waipahu
waldorf
wallingford
wapakoneta
ware
wareham
warner robins
warren
warren
warrensburg
warrington
warsaw
warwick
washington
washington
washington
washington
washington court house
waterford
waterloo
watertown
wauwatosa
waveland
waxahachie
waxhaw
waycross
waynesboro
waynesboro
waynesville
weaverville
webster
webster
wenatchee
wentzville
weslaco
west bountiful
west bridgewater
west carrollton city
west chester
west columbia
west des moines
west hazleton
west hills
west jordan
west mifflin
west palm beach
west sacramento
west valley city
westborough
westland
westminster
westminster
wetumpka
weymouth
wheelersburg
wheeling
white house
white lake
whitehall
wichita
wildwood
wilkes barre
wilkesboro
williamsburg
williamsville
willoughby
willow grove
wilmington
wilmington
wilmington
wilson
winchester
winchester
windham center
winston-salem
winter garden
winter haven
winterville
woburn
wood village
woodbridge
woodbridge
woodhaven
woodstock
woodstock
wooster
worcester
wytheville
xenia
yakima
yonkers
york
york
ypsilanti
yuba city
yukon
yuma
zanesville
zephyrhills
zionsville



location name
select
abbeville, la
abilene, tx
abingdon, va
abington, ma
acworth, ga
adrian, mi
aiken, sc
alabaster, al
alachua, fl
alamo ranch, tx
albany (northway mall), ny
albany, ga
albany, or
albemarle, nc
alexandria, la
alexandria, va
aliso viejo, ca
allegany, md
allen park, mi
allen, tx
alliance, oh
alpharetta, ga
altamonte springs, fl
altoona, ia
altoona, pa
amarillo, tx
americus, ga
ames, ia
amherst, nh
amsterdam, ny
anaheim, ca
anchorage, ak
anderson, sc
ann arbor, mi
antioch, ca
apache junction, az
apex, nc
apopka, fl
aransas pass, tx
ardmore, ok
arlington heights, il
arnold, mo
arvada, co
asheboro, nc
ashtabula, oh
atascocita, tx
athens, al
athens, ga
athens, tn
atlanta-edgewood, ga
auburn, me
auburn, ny
auburn, wa
auburndale, fl
augusta, ga
augusta, me
aurora, co
austin, tx
avon, in
avon, oh
avondale, pa
bakersfield, ca
ballwin, mo
bangor, me
banner elk, nc
bardstown, ky
bartow, fl
bastrop, tx
batesville, ms
battle creek, mi
bay shore, ny
baybrook, tx
bayonne, nj
baytown, tx
bear, de
beaufort, sc
beaumont, tx
beavercreek, oh
beckley, wv
bedford, in
bedford, nh
bedford, va
bee cave, tx
beech grove, in
belle vernon, pa
bellefontaine, oh
belleville, il
bellingham, wa
belmont, nc
bend, or
bensalem township, pa
benton harbor, mi
bessemer, al
bethel park, pa
bethlehem, pa
big flats, ny
billings, mt
binghamton, ny
bismarck, nd
blaine, mn
bloomfield township, mi
bloomfield, ct
bloomington, il
bloomington, in
bloomsburg, pa
blount county, tn
bluefield, va
bluffton, in
bluffton, sc
blytheville, ar
boiling springs, sc
bolingbrook, il
bonney lake, wa
bossier city, la
bowie, md
bowling green, ky
bozeman, mt
bradenton, fl
brandon, fl
bremerton, wa
brenham, tx
brevard, nc
brewer, me
brick township, nj
bridgeton, mo
brighton, co
brimfield township, oh
bristol, tn
brockport, ny
brockton, ma
brooklyn, ny
brooklyn, ny - kings plaza
brooklyn, oh
brooksville, fl
brownsburg, in
brownsville, tx
brunswick, ga
brunswick, me
bryan, tx
bryant, ar
buchanan, wi
buckeye, az
buckhannon, wv
buford, ga
bullhead city, az
bunker hill, tx
burbank, ca
burleson, tx
burlington, ia
burlington, nc
burlington, oh
butler, nj
butler, pa
c. indianapolis, in
c. las vegas, nv
c. san jose, ca
c. tucson, az
camden county, ga
camden, de
camden, sc
camillus, ny
camp creek, ga
campbellsville, ky
canandaigua, ny
canton, ga
canton, mi
canton, oh
cape carteret, nc
cape coral, fl
cape girardeau, mo
cape may, nj
carbondale, il
carefree, az
carlisle, pa
carlsbad, ca
carmel, in
carol stream, il
carrollton, tx
carson city, nv
cartersville, ga
cary, nc
casa grande, az
castle rock, co
catonsville, md
catskill, ny
cedar rapids, ia
central albuquerque, nm
central austin, tx
central bradenton, fl
central charlotte, nc
central colorado springs, co
central columbus, oh
central dallas, tx
central long beach, ca
central louisville, ky
central new orleans, la
central oklahoma city, ok
central omaha, ne
central richmond, va
central tampa, fl
central ventura, ca
central, sc
chambersburg, pa
chamblee, ga
champaign, il
chantilly, va
chapel hill, nc
charles county, md
charlotte - northlake mall, nc
charlottesville, va
chelsea, ny
chesapeake, va
chester, ny
chesterfield, mo
cheyenne, wy
cheyenne, wy rdc
chicago - wicker park, il
chicago (83rd & stewart), il
chicago, il
chicago-brickyard, il
chico, ca
chillicothe, oh
chino hills, ca
christiansburg, va
cicero, ny
cinco ranch, tx
citrus heights, ca
clackamas county, or
claremore, ok
clarkstown, ny
clarksville, in
clarksville, tn
clay, ny
clayton, nc
clearwater, fl
cleburne, tx
clermont, fl
cleveland, tn
clinton township, mi
clinton, md
clinton, nc
clinton, ut
clovis, ca
clovis, nm
coeur d'alene, id
colonie, ny
colorado springs, co
columbia, md
columbia, mo
columbia, sc
columbia, tn
columbus, in
commack, ny
commerce township, mi
concord, ca
concord, nh
conway, ar
conway, sc
conyers, ga
cookeville, tn
coon rapids, mn
copperfield, tx
coral springs, fl
coralville, ia
corbin, ky
corinth, ms
cornelia, ga
corpus christi, tx
cortlandville, ny
cotati, ca
covina, ca
covington, la
cpo location-wilkesboro
cranberry township, pa
cranston, ri
cromwell, ct
crowley, la
csc-kirkland
csc-mooresville
csc-wilkesboro
cullman, al
cumming, ga
cypress, tx
dale city, va
dalton, ga
danvers, ma
danville, il
danville, ky
daphne, al
davenport, ia
davie, fl
dayton mall, oh
dayton, tn
dayton-trotwood, oh
de funiak springs, fl
de kalb, il
de land, fl
decatur, al
decatur, il
decatur, tx
dedham, ma
defiance, oh
delavan, wi
delran, nj
deltona, fl
denton, tx
deptford township, nj
derby, ct
derby, ks
destin, fl
d'iberville, ms
dickson, tn
dothan, al
douglas, ga
douglasville, ga
dublin, ca
dublin, oh
dubois, pa
dubuque, ia
durant, ok
dyersburg, tn
e lancaster, pa
e san jose, ca
e. albuquerque, nm
e. amherst, ny
e. asheville, nc
e. athens, ga
e. aurora, co
e. bartlett, tn
e. baton rouge, la
e. brandon, fl
e. brunswick, nj
e. caln township, pa
e. chandler, az
e. charlotte, nc
e. colorado springs, co
e. columbus, oh
e. el paso, tx
e. ellijay, ga
e. evansville, in
e. fort worth, tx
e. ft. wayne, in
e. gilbert, az
e. greenville, nc
e. houston, tx
e. indianapolis, in
e. jacksonville, fl
e. lincoln county, nc
e. louisville, ky
e. mesa, az
e. new orleans, la
e. ocala, fl
e. paducah, ky
e. palmdale, ca
e. peoria, il
e. richmond, va
e. roanoke, va
e. santa clarita, ca
e. spartanburg, sc
e. springfield, ma
e. stockton, ca
e. tucson, az
e. virginia beach, va
eagle pass, tx
easley, sc
east kansas city
east lexington, ky
east plano, tx
east sparks, nv
eastlake, ca
easton, md
easton, pa
eatontown, nj
edinburg, tx
edmond, ok
edwardsville, pa
egg harbor township, nj
el centro, ca
elizabeth city, nc
elizabethton, tn
elizabethtown, ky
elk grove, ca
elkhart, in
elkin, nc
elyria, oh
ensley, fl
epping, nh
erie, pa
erwin, nc
escondido, ca
espanola, nm
essex, vt
estero, fl
euless, tx
evans, ga
everett, wa
exeter township, pa
fairbanks, ak
fairfax, va
fairfield, ca
fairlawn, oh
fairview heights, il
fargo, nd
farmingdale, ny
farmington, nm
farmville, va
fayetteville, ar
fayetteville, ga
fayetteville, nc
federal way, wa
fenton, mo
fern park, fl
fernandina beach, fl
fernley, nv
festus, mo
findlay, oh
flemington, nj
flint, mi
florence, al
florence, ky
florissant, mo
flower mound, tx
flowood, ms
foley, al
folsom, ca
forest city, nc
fort collins, co
fort mill, sc
fountain, co
framingham, ma
frankfort, ky
franklin square, nc
franklin, in
franklin, ky
franklin, nc
franklin, tn
franklin, va
franklin, wi
frederick, md
fremont, ca
fremont, oh
frenchtown township, mi
fresno, ca
frisco, tx
front royal, va
ft walton beach, fl
ft. gratiot, mi
ft. myers, fl
ft. oglethorpe, ga
ft. payne, al
ft. smith, ar
fultondale, al
gadsden, al
gaffney, sc
gainesville, fl
gainesville, ga
gainesville, va
gaithersburg, md
galax, va
galesburg, il
gallatin, tn
garden city, ny
garland, tx
garner, nc
gautier, ms
georgetown, ky
germantown parkway, tn
gilbert, az
gilford, nh
gilroy, ca
gladstone, mo
glasgow, ky
glen burnie, md
glen carbon, il
glenmont, ny
glens falls, ny
glenville, ny
glenwood springs, co
gloucester township, nj
gloucester, va
goldsboro, nc
gonzales, la
goodyear, az
goose creek, sc
goshen, in
granbury, tx
grand forks, nd
grand junction, co
grandville, mi
granite city, il
greece, ny
greeley, co
green, oh
greenland, nh
greenport, ny
greensburg, pa
greenville, nc
greenville, oh
greenville, sc
greenville, tx
greenwood village, co
greenwood, sc
greer, sc
griffin, ga
gulf breeze, fl
gulfport, ms
gun barrel city, tx
guntersville, al
gurnee, il
hackettstown, nj
hadley, ma
hagerstown rdc
hagerstown, md
haines city, fl
halfmoon, ny
hamburg, ny
hamilton, nj
hamilton, oh
hammond, la
hampton township, nj
hampton, va
hanford, ca
hannibal, mo
happy valley, az
harlingen, tx
harper woods, mi
harrisburg, pa
harrisonburg, va
hartselle, al
hartsville, sc
harvey, la
hatfield, pa
hattiesburg, ms
havertown, pa
hawthorne, ca
hazard, ky
hazleton, pa
heath, oh
helena, mt
henderson, ky
henderson, nc
henderson, nv
hendersonville, nc
hendersonville, tn
henrietta, ny
herkimer, ny
hermitage, pa
hermitage, tn
hialeah, fl
hibbing, mn
hickory, nc
hicksville, ny
highland heights, ky
highland, ca
hillsboro, oh
hillsboro, or
hillsborough, nj
hinesville, ga
hobbs, nm
holland, mi
home office location
homestead, pa
homewood, al
hoover, al
hope mills, nc
hopkinsville, ky
hornell, ny
hot springs, ar
houma, la
howell, mi
howell, nj
huber heights, oh
hudson, ma
huntersville, nc
huntington beach, ca
huntsville, al
hurst, tx
hutchinson, ks
indian harbour beach, fl
indian land, sc
indian trail, nc
indiana, pa
inverness, al
inverness, fl
irmo, sc
irvine, ca
irving, tx
issaquah, wa
ithaca, ny
iwilei - honolulu, hi
jackson, ms
jackson, tn
jacksonville, ar
james island, sc
janesville, wi millwork
jasper, tx
jefferson city, mo
jefferson highway, la
jensen beach, fl
jersey city, nj
john's creek, ga
johnson city, tn
jonesboro, ar
jonesborough, tn
jordan creek, ia
kahului, hi
kalamazoo, mi
kalispell, mt
kankakee, il
kansas city, ks
kathleen, ga
katy, tx
keizer, or
keller, tx
kendall, fl
kennewick, wa
kenosha, wi
kent, wa
kentwood, mi
kernersville, nc
kerrville, tx
kill devil hills, nc
killeen, tx
kimball, tn
kingsport, tn
kingston, ma
kingsville, tx
kingwood, tx
kinston, nc
kirkwood, mo
knightdale, nc
kona, hi
kyle, tx
la follette, tn
la habra, ca
la plata, md
la quinta, ca
lady lake, fl
lafayette, in
lafayette, la
lake charles, la
lake city, fl
lake county, fl
lake elsinore, ca
lake havasu city, az
lake in the hills, il
lake jackson, tx
lake nona, fl
lake park, fl
lake st. louis, mo
lake wales, fl
lake worth, tx
lakeland, fl
lakewood, co
lakewood, wa
lancaster, ca
lancaster, oh
laredo, tx
largo, fl
largo, md
las vegas, nv
latrobe, pa
laurel, md
laurinburg, nc
lawnside, nj
lawrenceburg, in
lawton, ok
layton, ut
league city, tx
leander, tx
lebanon, or rdc
lebanon, pa
lebanon, tn
leebsurg, va
leeds, al
lee's summit, mo
leesville, la
lehi, ut
lehighton, pa
lenoir, nc
leominster, ma
lewisburg, wv
lewistown, pa
lewisville, tx
lexington, ky
lexington, nc
lexington, sc
lexington, va
lima, oh
lincolnton, nc
lincolnwood, il
lindale, tx
lisbon, ct
little elm, tx
littleton, co
littleton, nh
live oak, fl
livermore, ca
livingston, tx
lloyd, ny
lock haven, pa
lodi, ca
logan, ut
loganville, ga
london, ky
longmont, co
longview, tx
longview, wa
lorain, oh
los lunas, nm
louisville, co
loveland, co
lowell, ma
lowe's central delivery term
lowe's central nc rdc
lowes csc indianapolis
lowe's franklin county rdc
lowe's illinois rdc
lowe's indiana rdc
lowe's northhampton county rdc
lowe's of  land o' lakes, fl
lowe's of brookhaven, pa
lowe's of norwalk, ct
lowe's ohio rdc
lowe's rome, ga rdc 1457
lubbock, tx
ludington, mi
lufkin, tx
lynchburg, va
lynnwood, wa
lyon township, mi
macedon, ny
macedonia, oh
machesney park, il
macon, ga
madison heights, mi
madison heights, va
madison, al
madison, ms
madison, tn
madisonville, ky
manahawkin, nj
manchester, ct
manitowoc, wi
mankato, mn
mansfield, tx
mantua township, nj
maple grove, mn
maple shade, nj
maplewood, mo
marana, az
marble falls, tx
marianna, fl
marietta, oh
marion, in
marion, nc
marion, oh
marlboro, nj
marquette, mi
marrero, la
marshall, tx
martell, ca
martinsburg, wv
marysville, oh
mason, oh
massillon, oh
matamoras, pa
mayodan, nc
maysville, ky
mcalester, ok
mccandless township, pa
mccomb, ms
mcdonough, ga
mckinney, tx
mcminnville, or
mcminnville, tn
mebane, nc
mechanicsburg, pa
mechanicsville, va
medford, ny
medford, or
memphis, tn
menifee, ca
mentor, oh
meridian, ms
merrillville, in
mesquite, tx
metairie, la
meyerland, tx
michigan city, in
mid-city los angeles, ca
middleburg, fl
middletown township, pa
middletown, de
middletown, ny
middletown, oh
midland, mi
midland, tx
midlothian, va
midwest city, ok
milan, tn
milford, ct
milford, ma
milford-miami township, oh
mill creek, wa
milledgeville, ga
millington, tn
millsboro, de
millville, nj
milton, fl
mira loma, ca
mishawaka, in
mission valley, ca
missoula, mt
missouri city, tx
mobile, al
mocksville, nc
moline, il
monaca, pa
monett, mo
monroe, la
monroe, nc
monroe, wa
monroeville, pa
montgomeryville, pa
montoursville, pa
moore, ok
mooresville, in
mooresville, nc
morganton, nc
morgantown, pa
moses lake, wa
moultrie, ga
msh airplane hanger
mt juliet, tn
mt. airy, nc
mt. dora, fl
mt. holly, nj
mt. olive, nj
mt. pleasant, sc
mt. pleasant, tx
mt. pocono, pa
mt. sterling, ky
mt. vernon, il
mt. vernon, oh
murfreesboro, tn
murphy, nc
murphy, tx
murray, ky
murray, ut
muscle shoals, al
muskegon, mi
mustang, ok
myrtle beach, sc
n nashville, tn
n providence, ri
n smithfield, ri
n w wichita, ks
n york county, sc
n. abilene, tx
n. alpharetta, ga
n. anniston, al
n. augusta, sc
n. baton rouge, la
n. cary, nc
n. central houston, tx
n. chesterfield, mi
n. columbus, ga
n. columbus, oh
n. concord, nc
n. conway, nh
n. dartmouth, ma
n. dothan, al
n. durham, nc
n. e. dallas, tx
n. e. sarasota, fl
n. fayetteville, nc
n. fontana, ca
n. frederick, md
n. ft wayne, in
n. hagerstown, md
n. hickory, nc
n. huntsville, al
n. jacksonville, fl
n. kansas city, mo
n. kissimmee, fl
n. knoxville, tn
n. lafayette, la
n. lakeland, fl
n. lakewood, co
n. las vegas, nv
n. lincoln, ca
n. little rock, ar
n. manassas, va
n. mcallen, tx
n. mt pleasant, sc
n. oklahoma city, ok
n. peoria, az
n. phoenix, az
n. raleigh, nc
n. richland county, sc
n. roseville, ca
n. san antonio, tx
n. seattle, wa
n. spokane
n. springfield, il
n. springfield, mo
n. stockton, ca
n. toledo, oh
n. visalia, ca
n. w. amarillo, tx
n. wilmington, de
n. winchester, va
n. windham,  me
n.e. albuquerque, nm
n.e. anchorage, ak
n.e. austin, tx
n.e. bakersfield, ca
n.e. central san antonio, tx
n.e. columbia, sc
n.e. columbus, oh
n.e. ft. myers, fl
n.e. grand rapids, mi
n.e. greensboro, nc
n.e. indianapolis, in
n.e. jacksonville, fl
n.e. long beach, ca
n.e. louisville, ky
n.e. philadelphia, pa
n.e. pittsburgh, pa
n.e. san antonio, tx
n.e. tallahassee, fl
n.w. austin, tx
n.w. central san antonio, tx
n.w. cincinnati, oh
n.w. greenville, sc
n.w. houston, tx
n.w. las vegas, nv
n.w. macon, ga
n.w. miami/dade, fl
n.w. omaha, ne
n.w. san antonio, tx
n.w. staten island, ny
n.w. tallahassee, fl
nacogdoches, tx
nampa, id
naperville, il
naples, fl
neosho, mo
new albany, ms
new bern, nc
new braunfels, tx
new carrollton, md
new hartford, ny
new haven, ct
new iberia, la
new lenox, il
newark, de
newberry, sc
newburgh, ny
newnan, ga
newport news, va
newport, tn
nicholasville, ky
nitro, wv
noblesville, in
norcross, ga
norfolk, va
norman, ok
north attleboro, ma
north bergen, nj
north charleston, sc
north charlotte, nc
north dallas, tx
north east, md
north edmond, ok
north high point, nc
north myrtle beach, sc
north port , al
north port, fl
north winston, nc
northbrook, il
northglenn, co
northridge, ca
norwalk, ca
norwood, oh
nw charleston, sc
nw indianapolis, in
oak grove village, mo
oak park heights, mn
oakland park, fl
oakland, md
oaks, pa
ocala, fl
oceanside, ca
ocotillo, az
odessa, tx
o'fallon, mo
ogden, ut
ogdensburg, ny
olathe, ks
oldsmar, fl
olive branch, ms
olympia, wa
oneida, ny
oneonta, ny
ontario, ca
ontario, oh
opelika, al
opelousas, la
orange city, fl
orange park, fl
orange, ct
orangeburg, ny
orangeburg, sc
orchard park, ny
orem, ut
orland park, il
ormond beach, fl
osage beach, mo
oshkosh, wi
oswego, ny
oviedo, fl
owasso, ok
owatonna, mn
owensboro, ky
oxford, al
oxnard, ca
ozark, mo
paducah, ky
paintsville, ky
palm bay, fl
palm desert, ca
palm springs, ca
palmdale, ca
palmyra, pa
panama city beach, fl
panama city, fl
paramus, nj
parker, co
parkville, md
pasadena, tx
pasco, wa
paso robles, ca
patchogue, ny
paterson, nj
pearland, tx
pembroke pines, fl
pembroke, ma
pennsylvania rdc
pensacola, fl
peoria, az
peoria, il
perris, ca rdc
perrysburg, oh
petal, ms
pharr, tx
philadelphia, pa - aramingo av
phillipsburg, nj
pico rivera, ca
pine bluff, ar
pinellas park, fl
pineville, la
piscataway, nj
pittsboro, nc
pittston, pa rdc
plainfield, connecticut rdc
plainville, ct
plainville, ma
plant city, fl
plattsburgh, ny
plover, wi
plymouth meeting, pa
plymouth, in
plymouth, mn
pocatello, id
poinciana, fl
poinciana, fl rdc
pompano beach, fl
ponca city, ok
pooler, ga
port arthur, tx
port charlotte, fl
port orange, fl
port orchard, wa
port richey, fl
portage, in
portage, mi
portland, me
portland-delta park, or
portsmouth, va
potsdam, ny
pottstown, pa
pottsville, pa
poughkeepsie, ny
poway, ca
prattville, al
prescott, az
prince george, va
princeton, wv
prosper, tx
puyallup, wa
quakertown, pa
quincy, il
quincy, ma
radford, va
rainier, wa
rancho cordova, ca
rancho cucamonga, ca
rancho santa margarita, ca
rapid city, sd
raymore, mo
raynham, ma
reading, pa
redding, ca
redlands, ca
redmond, or
reidsville, nc
reno, nv
renton, wa
republic, mo
reynoldsburg, oh
richardson, tx
richland township, pa
richmond, in
richmond, ky
ridgeland, ms
rincon, ga
riverdale, ut
riverhead-south, ny
riverside, ca
riverton, ut
riverview, fl
roanoke rapids, nc
roanoke, va
robinson township, pa
rochester hills, mi
rochester, mn
rochester, nh
rock hill, sc
rockford, il
rockingham, nc
rockledge, fl
rockwall, tx
rocky mount, nc
rocky river, oh
roeland park, ks
rogers, ar
rome, ga
rome, ny
roseburg, or
rosedale, ny
rosenberg, tx
round rock, tx
roxboro, nc
royal oaks, tx
royal palm beach, fl
ruckersville, va
s durham, nc
s lebanon, oh
s w gainesville, fl
s. anchorage, ak
s. anderson, sc
s. antioch, ca
s. arlington, tx
s. asheville, nc
s. bakersfield, ca
s. baton rouge, la
s. bel air, md
s. burlington, vt
s. central jacksonville, fl
s. charleston, wv
s. charlotte, nc
s. chino hills, ca
s. clarksville, tn
s. clearwater, fl
s. clinton township, mi
s. columbus, oh
s. fayetteville, ar
s. florence, sc
s. ft. worth, tx
s. indianapolis, in
s. jackson, tn
s. jacksonville, fl
s. lacey, wa
s. lansing, mi
s. lexington, ky
s. lincoln, ne
s. louisville, ky
s. mckinney, tx
s. meridian, id
s. montgomery, al
s. morgantown, wv
s. naples, fl
s. nashua, nh
s. oklahoma city, ok
s. orlando, fl
s. parkersburg, wv
s. philadelphia, pa
s. phoenix, az
s. pueblo, co
s. reading, pa
s. roanoke, va
s. san antonio, tx
s. san francisco, ca
s. scottsdale, az
s. stafford, va
s. staten island, ny
s. tampa, fl
s. tulsa, ok
s. w. concord, nc
s. w. orlando, fl
s. wilmington, nc
s. winston-salem, nc
s.e. aurora, co
s.e. austin, tx
s.e. charlotte, nc
s.e. cincinnati, oh
s.e. columbia, sc
s.e. columbus, oh
s.e. greensboro, nc
s.e. houston, tx
s.e. lexington county, sc
s.e. memphis, tn
s.e. orlando, fl
s.w. augusta, ga
s.w. charlotte, nc
s.w. columbus, oh
s.w. dallas, tx
s.w. louisville, ky
s.w. marion county, fl
s.w. mobile, al
s.w. pensacola, fl
s.w. toledo, oh
s.w. tucson, az
saginaw, mi
salem, nh
salem, or
salem, va
salina, ks
salinas, ca
salisbury, nc
salt lake city, ut
san angelo, tx
san antonio, tx
san bruno, ca
san clemente, ca
san dimas, ca
san francisco, ca
san jose, ca
san marcos, tx
sandusky, oh
sandy springs, ga
sandy, ut
sanford, fl
sanford,me
santa clarita, ca
santa fe, nm
santa maria, ca
santee, ca
saratoga springs, ny
saugus, ma
savannah, tn
sayre, pa
scarborough, me
schenectady, ny
schertz, tx
scio township, mi
scott township, pa
scottsdale, az
scranton, pa
se huntsville, al
se san antonio, tx
seabrook, nh
searcy, ar
sebring, fl
sedalia, mo
seekonk, ma
seneca, sc
severn, md
sevierville, tn
shakopee, mn
shallotte, nc
shawnee, ks
shawnee, ok
shelby, nc
shelbyville, ky
shelbyville, tn
shepherdsville, ky
sherman, tx
shippensburg, pa
short pump, va
show low, az
shreveport, la
sidney, oh
sierra vista, az
sikeston, mo
siloam springs, ar
silverthorne, co
simi valley, ca
simpsonville, sc
sioux city, ia
sioux falls, sd
slidell, la
smithfield, nc
smokey point, wa
smyrna, tn
snellville, ga
somerset, ky
somerset, pa
sonora, ca
south bend, in
south savannah, ga
southfield, mi
southington, ct
southlake, tx
spartanburg, sc
spokane valley, wa
spotsylvania county, va
spring hill, fl
spring hill, tn
spring, tx
springdale, ar
springdale, oh
springfield, il
springfield, mo
springfield, oh
springfield, tn
springville, ny
st. augustine, fl
st. charles, il
st. charles, mo
st. george, ut
st. joseph, mo
st. lucie west, fl
st. mary's county, md
st. petersburg, fl
starkville, ms
state college, pa
statesboro, ga
statesville, nc
staunton, va
sterling heights, mi
sterling, va
stockbridge, ga
stone mountain, ga
stony brook, ny
stow, oh
streetsboro, oh
stroudsburg, pa
stuart, fl
suffolk, va
sugar land, tx
sulphur springs, tx
sulphur, la
summerlin, nv
summerville, sc
sumter, sc
sunbury, pa
sunnyvale, ca
sunrise, fl
surf city, nc
surprise, az
sussex county, de
suwanee, ga
sw sarasota, fl
sylva, nc
sylvania township,  oh
syracuse, ny
tacoma, wa
tahlequah, ok
tampa palms, fl
tampa, fl
tappahannock, va
tarboro, nc
tarpon springs, fl
temecula, ca
tempe, az
temple, tx
tennessee millwork
terre haute, in
texarkana, tx
texas city, tx
the woodlands, tx
thibodaux, la
thomasville, ga
tiffin, oh
tifton, ga
tigard, or
tilton, nh
timonium, md
titusville, fl
tomball, tx
toms river, nj
topeka, ks
torrance, ca
torrington, ct
traverse city, mi
troutman, nc
troy, al
troy, oh
trussville, al
tukwila, wa
tulare, ca
tullahoma, tn
tupelo, ms
turlock, ca
turnersville, nj
tuscaloosa, al
tustin, ca
twin falls, id
ulster, ny
union city, ca
union city, tn
union township, pa
union, nj
uniontown, pa
university centre, nc
upper moreland, pa
upper west side, ny
utica, ny
vacaville, ca
valdosta, ga
valdosta, ga rdc
vallejo, ca
venice, fl
vernon hills, il
vero beach, fl
vestal, ny
victoria, tx
victorville, ca
vidalia, ga
vincennes, in
virginia beach, va
visalia, ca
vista, ca
voorhees, nj
w eugene, or
w little rock, ar
w. amherst, ny
w. asheville, nc
w. ashley, sc
w. boca raton, fl
w. bountiful, ut
w. cape coral, fl
w. chandler, az
w. chesapeake, va
w. chesterfield, va
w. dallas, tx
w. davie, fl
w. des moines, ia
w. el paso, tx
w. erie, pa
w. evansville, in
w. fayetteville, nc
w. ft. wayne, in
w. henderson, nv
w. indianapolis, in
w. jacksonville, fl
w. jordan, ut
w. lancaster, pa
w. lansing, mi
w. marietta, ga
w. mobile, al
w. nashville, tn
w. orlando, fl
w. palm beach, fl
w. philadelphia, pa
w. phoenix, az
w. raleigh, nc
w. sacramento, ca
w. san antonio, tx
w. spring valley, nv
w. spring, tx
w. summerlin, nv
w. torrance, ca
w. tulsa, ok
w. wichita, ks
w. windsor, nj
w. york, pa
waco, tx
wadsworth, oh
waipahu, hi
wallingford, ct
wapakoneta, oh
ware, ma
wareham, ma
warner robins, ga
warren, mi
warren, pa
warrensburg, mo
warrington, pa
warsaw, in
warwick, ri
washington crt hse reload, oh
washington, dc
washington, mo
washington, nc
washington, pa
waterford lake, fl
waterford, ct
waterloo, ia
waterloo, ny
watertown, ny
wauwatosa, wi
waveland, ms
waxahachie, tx
waxhaw, nc
waycross, ga
waynesboro, pa
waynesboro, va
waynesville, nc
weaverville, nc
webster, ny
wenatchee, wa
wentzville, mo
weslaco, tx
west bridgewater, ma
west chester, oh
west columbia, sc
west columbus, oh
west hills, ca
west knoxville, tn
west mifflin, pa
west plano, tx
west st. paul, mn
west valley city, ut
westborough, ma
western contact center
western hills, oh
westland, mi
westminster, co
westminster, md
wetumpka, al
weymouth, ma
wheelersburg, oh
wheeling, wv
white lake, mi
white settlement, tx
whitehall township, pa
wildwood, fl
wilkes-barre, pa
williamsburg, va
willoughby, oh
wilmington pike, oh
wilmington, de
wilmington, nc
wilmington, oh
wilson, nc
winchester, ky
winchester, va
winston west, nc
winter garden, fl
winter haven, fl
woburn, ma
wood county, wv
wood village, or
woodbridge, nj
woodhaven, mi
woodstock, ga
woodstock, va
wooster, oh
worcester, ma
wytheville, va
xenia, oh
yakima, wa
yonkers, ny
york, pa
york, sc
yuba city, ca
yukon, ok
yuma, az
zanesville, oh
zephyrhills, fl
zions crossroads, va
zionsville, in



search
reset






job description
job description





lead analyst bi & analytics
apply now
job id 1265172br date posted 09/15/2017
location mooresville, nc
location name csc-mooresville
address 1000 lowes boulevard
employment type i regular
employment type ii full-time
line of business corporate
department 0620 - functional analytics
are you a pioneering spirit? lowe's is looking for visionaries, risktakers, adventurers. lowe’s is looking for someone that is driven by potential - a trailblazer of innovation. we are a multibillion dollar company with 5 million mylowes users and millions of daily site visits. we’re looking for someone that dares to take risks and is excited about the opportunity to work on problems that have never been attempted. so,if you’re an innovator, the kind of person who thinks outside the box and is always excited about your next challenge, you might just be the pioneering spirit we’re looking for.purpose of role:the primary purpose of this role is to act as a business consultant and analytics expert by translating business needs into analytic designs, performing relevant statistical analyses from an expansive set of analytic techniques, identifying insights and aligning the insights back to meaningful business intent that drives impactful and measurable recommendations. this includes responsibility for recommending operational improvements to senior leadership for measurable savings and efficiencies. this role is critical to lowe's as it consults directly with the business to identify key areas of opportunity for expense optimization within the company's largest expense lines through strong strategic and thought leadership that fosters an enterprise, omni-functional view of operational optimization.  responsibility statements • consults with the business to translate operational business needs into analytic designs that drive outcomes that can be implemented and measured • designs and implements appropriate analytic methods and mathematical modeling to understand, predict, and enhance operational processes that demonstrates deep understanding of omni-functional value stream impacts • deploys results of complex analytical and mathematical modeling in a simple yet compelling message that drives and inspires action within the business and enables efficient and effective target setting • partners with the business and finance to set realistic, explainable and measurable targets as aligned to data driven recommendations  • provides insightful, integrated, and relevant recommendations to senior leadership that take into consideration omni-channel functional impacts  • partners with peers across the data analytics and consumer insights coe to ensure reliable, repeatable, analytically and functionally relevant dashboards designs and insightful analytics that ensure actionable outcomes that drive business decisions • synthesizes analytic output, recommendations, test designs and outputs in a manner that connects learnings and actions across disparate functional business areas that can drive an omni-functional lens for strategic and operational decision-making  • presents synthesized results to senior leadership in a simple, compelling, and operationally-relevant message that drives action • develops and implements analytical best practices, as well as explores new and innovative data and techniques that can be applied at lowe’s retail operations • coaches and mentors analysts, delegates work by aligning to skillsets and capacity to deliver analytics insights that are relevant, actionable and on-time to the business, on a project by project basis required qualifications bachelor's degree in statistics, econometrics, information sciences,, operations research/analytics, applied quantitative or related field experience in applied advanced analytical role; 6 of which are years of experience working with analytic tools (e.g., r, sas base, or, enterprise miner, enterprise guide, hadoop, teradata aster) and performing advanced data modeling, data x or mining and exploratory data analysis, with particularly focus on optimization, graph/network analytics, forecasting, simulation) master's degree in statistics, econometrics, information sciences,, operations research/analytics, applied quantitative or related field experience in an applied advanced analytic role. prior experience leading people directly or indirectly. about lowe'slowe’s companies, inc. (nyse: low) is a fortune ®50 home improvement company serving more than 17 million customers a week inthe united states, canada and mexico. with fiscal year 2016 sales of $65.0 billion, lowe’s and its related businesses operate or service more than 2,375 home improvement and hardware stores and employ over 290,000 employees. founded in 1946 and based in mooresville, n.c., lowe’s supports the communities it serves through programs that focus on k-12 public education and community improvement projects. for more information, visit lowes.com

lowe’s is an equal opportunity affirmative action employer and administers all personnel practices without regard to race, color, religion, sex, age, national origin, disability, sexual orientation, gender identity or expression, marital status, veteran status, genetics or any other category protected under applicable law.
apply now
email job



share

facebook
twitter
linkedin
google+






check out where you could be working if you apply.






job alerts

find out about all of our career opportunities, news, and events at lowe’s
email addresskeywordsenter a category, location, or category/location pair and click “add” button.categorylocation+analytics-enterprise, mooresville, north carolina, united statesremovecorporate, mooresville, north carolina, united statesremoveremove

confirm email












related content



lowe’s | freedom award | military | careers
lowe's has been named a recipient of the 2016 freedom award, given to employers who show exceptional support for national guard and reservist employee
more




lowe’s heroes | education | lowe’s
see how lowe’s partners with toolbox for education and boys & girls club of america to improve the lives of youth across our nation.
more




employee impact | lowe’s
anastazia gomes shares her story of how the teamwork at lowe’s made a very large impact.
more











talent community


please sign up here to join our talent community
first namelast nameemail addresscitystatealakazarcacoctdeflgahiidiliniakskylamemdmamimnmsmomtnenvnhnjnmnyncndohokorpariscsdtntxutvtvawawvwiwyprguamupload resumeremoveareas of interest

confirm email














stay connected


#lowesheroes#nailtheinterview advice from lowe's recruiters!posted: 12/13/2017about #lowesspringhire#workatlowesour lowe's team knows how important it is to pay it forward. thank you, emanuel, for helping our communities: sm.lowes.com/ozjvcu pic.twitter.com/mpwgxczulxposted: 12/13/2017about #redvest#workatloweswe're #hiring! click to apply: building materials-customer service (seasonal) - bit.ly/2ccf4cu #customerservice #palmdale, ca #job #jobsposted: 12/13/2017about #lowesheroes#workatloweswe're #hiring! read about our latest #job opening here: customer serv assoc i/loader (pro loader) - bit.ly/2nuxqm2 #rockford, ilposted: 12/13/2017about #workatlowes#workatlowesour hr managers are responsible for helping our stores succeed! if you have 3+ years of human resources experience in a retail management environment, then join the lowe's team today. click to apply: http://sm.lowes.com/s6se28posted: 12/13/2017about #workatlowesif you're looking for work in #mooresville, nc, check out this #job: bit.ly/2nyplej #projectmgmt #hiringposted: 12/13/2017about #workatlowesafter graduating high school, brent wanted more than just a summer job. lowe's saw his potential and offered him a position he couldn't refuse. he fell in love with helping people love where they live, and has been working with the company ever since. http://sm.lowes.com/knyikoposted: 12/12/2017about #lowesheroeslowe's recruiter, danielle can't hide her excitement about being a lowe's employee.  thanks @diddyk0ng for sharing your love the #loweslife!  show us how you live the #loweslife.posted: 12/12/2017about  read more | get social







career area


corporate

business development
contact center
corporate affairs & facilities
customer experience
finance & accounting
human resources
information technology
legal
marketing
merchandising
real estate & engineering
specialty sales
store operations support
supply chain & transportation



retail

store management
customer service
sales specialists
loss prevention



distribution

distribution management







featured jobs


call center project coordinator- installed sales
indianapolis, in
posted on: 04/01/2016



call center service coordinator- installed sales
indianapolis, in
posted on: 04/01/2016













affiliated websites
accessible home
atg stores
efficient home
innovative products
iris smart home
kobalt tools
lowe’s build & grow
lowe’s creative ideas
lowe’s mobile site
lowe’s moving center
orchard supply hardware
porch
team lowe's racing


company info
about lowe’s
careers
ethics & compliance
investor relations
low price guarantee
lowe’s canada
lowe’s mexico
lowe’s newsroom
site directory
social responsibility
sustainability policy


customer care
contact us
how's our site?
rebate center
recalls & product safety
returns / exchanges
shipping & delivery


services
credit card services
gift cards
in-store services
installation services
international customers
lowe’s protection plans
lowe’s suppliers
recycling center locator
special order






connect with us.

facebook
linkedin
twitter
youtube
instagram



lowe's is an equal opportunity employer

terms and conditions of use
privacy statement
your california privacy rights
interest-based advertising
sitemap

© 2017 lowe's. all rights reserved. lowe's and the gable design are registered trademarks of lf, llc.


















